1,A2,Anabel_Dooley27@gmail.com,(07) 4491 3010,1105 Emmie Court, AZ
2,ARRA,Levi.Kris55@gmail.com,(07) 8457 0434,7514 Littel Crossing, WV
3,Arravite,Royce_Corwin@hotmail.com,(08) 8624 9361,829 Margaret Glens, MI
4,BAYER,Savannah94@yahoo.com,(07) 3727 0969,729 Herman Shores, HI
5,BEROCCA,Dee.Jerde56@yahoo.com,(03) 2240 8812,4434 Kylee Extensions, NJ
6,BG,Bette_Ruecker@hotmail.com,(06) 1614 0257,59062 Fay Inlet, AL
7,BIOISLAND,Shyann_Funk51@yahoo.com,(01) 9689 5510,133 Swift Hills, IA
8,BIOSTIME,Mikayla_Skiles76@hotmail.com,(09) 9533 7642,72786 Shemar Drive, WV
9,BLACKMORES,Brandi28@gmail.com,(08) 0577 1600,8648 Lyda Hollow, CA
10,CANESTEN,Telly39@hotmail.com,(07) 6449 4543,001 Phoebe Lodge, MA
11,CVS,Mike52@hotmail.com,(02) 9005 4674,9245 Legros Lakes, CO
12,DEVONDALE,Ephraim.Boyer@yahoo.com,(06) 4785 0773,5013 Kutch Extension, NM
13,DUIT,Karley13@gmail.com,(03) 7037 3773,31742 Weimann Creek, MO
14,EAORON,Lucas_Spinka@hotmail.com,(07) 4293 3465,019 Beryl Plains, PA
15,FB,Florine_Rodriguez@gmail.com,(07) 4902 2887,7925 Kiehn Squares, OR
16,G&M,Mariela25@hotmail.com,(06) 6667 7427,95079 Jerde Crescent, DE
17,HEALTHY CARE,Gabrielle39@gmail.com,(09) 1031 8913,9373 Sydni Forges, NH
18,HOPES,Connie53@yahoo.com,(08) 7340 2165,47235 Effie Lane, MT
19,LIFESPACE,Caesar51@yahoo.com,(02) 0886 3597,22278 Labadie Meadows, NH
20,LUCAS,Gaylord.Mraz24@yahoo.com,(08) 2053 7694,692 Vincenza Summit, MT
21,MAXIGENES,Jeromy_Pfannerstill72@yahoo.com,(06) 7295 2091,6696 Ike Freeway, FL
22,NATURES OWN,Leone9@yahoo.com,(03) 2586 0008,7574 Bernhard Orchard, KY
23,NP,Jo46@gmail.com,(06) 5227 7746,3674 Turcotte Harbors, NY
24,NW,Adolph_Legros@yahoo.com,(02) 3589 0217,0931 Kara Passage, WI
25,OSTELIN,Randal_Herzog25@gmail.com,(00) 9219 5418,90243 Marks Rapids, FL
26,PROCTOSEDYL,Amparo_Kiehn@hotmail.com,(09) 3265 3214,83803 Minnie Lights, NH
27,QV,Sophie.Pfeffer90@hotmail.com,(05) 8210 3804,29420 Carroll Centers, AZ
28,REDWIN,Lucius.Lakin10@gmail.com,(09) 8746 0396,92501 Caden Cove, MD
29,SAMBUCOL,Laisha_Mayert67@yahoo.com,(09) 9250 0066,73546 Sasha Shores, IN
30,SANOFI,Pedro.Prosacco@yahoo.com,(01) 0805 9851,2817 Griffin Forest, WI
31,SELSUN,Darwin7@yahoo.com,(01) 8679 1775,5162 Wiza Pike, OR
32,Sukin,Reynold.Corkery@gmail.com,(06) 4203 3949,47928 Leanna Station, AL
33,SUNSENSE,Makenna86@gmail.com,(07) 8305 7839,6257 Hilpert Canyon, IL
34,SWISSE,Bill43@yahoo.com,(02) 7324 9066,07619 Schroeder View, DE
35,THOMPSONS,Dina.Lesch71@gmail.com,(03) 5465 8723,2831 Bernier Avenue, IA
36,THURSDAY,Gideon44@hotmail.com,(00) 2891 1599,9342 Juliana Plain, AR
37,VIERRA,Myrtis13@yahoo.com,(00) 6312 3971,951 Kim Port, NH